timestamp,index,uuid,power_draw_w,utilization_gpu_pct,memory_used_mib
2026/09/09 15:21:41.150, 0, GPU-35ec6990-2b13-fbe4-44c2-103ee00e46b3, 57.34, 0, 450
2026/09/09 15:21:41.257, 0, GPU-35ec6990-2b13-fbe4-44c2-103ee00e46b3, 57.34, 0, 450
2026/09/09 15:21:41.357, 0, GPU-35ec6990-2b13-fbe4-44c2-103ee00e46b3, 57.28, 0, 450
2026/09/09 15:21:41.457, 0, GPU-35ec6990-2b13-fbe4-44c2-103ee00e46b3, 57.56, 0, 450
2026/09/09 15:21:41.557, 0, GPU-35ec6990-2b13-fbe4-44c2-103ee00e46b3, 57.28, 0, 450
2026/09/09 15:21:41.658, 0, GPU-35ec6990-2b13-fbe4-44c2-103ee00e46b3, 57.34, 0, 450
2026/09/09 15:21:41.758, 0, GPU-35ec6990-2b13-fbe4-44c2-103ee00e46b3, 57.34, 0, 450
2026/09/09 15:21:41.858, 0, GPU-35ec6990-2b13-fbe4-44c2-103ee00e46b3, 57.28, 0, 450
2026/09/09 15:21:41.958, 0, GPU-35ec6990-2b13-fbe4-44c2-103ee00e46b3, 56.89, 0, 450
2026/09/09 15:21:42.058, 0, GPU-35ec6990-2b13-fbe4-44c2-103ee00e46b3, 56.89, 0, 450
2026/09/09 15:21:42.159, 0, GPU-35ec6990-2b13-fbe4-44c2-103ee00e46b3, 57.28, 0, 450
2026/09/09 15:21:42.259, 0, GPU-35ec6990-2b13-fbe4-44c2-103ee00e46b3, 57.28, 0, 450
2026/09/09 15:21:42.359, 0, GPU-35ec6990-2b13-fbe4-44c2-103ee00e46b3, 57.34, 0, 450
2026/09/09 15:21:42.459, 0, GPU-35ec6990-2b13-fbe4-44c2-103ee00e46b3, 57.34, 0, 450
2026/09/09 15:21:42.559, 0, GPU-35ec6990-2b13-fbe4-44c2-103ee00e46b3, 57.28, 0, 450
2026/09/09 15:21:42.659, 0, GPU-35ec6990-2b13-fbe4-44c2-103ee00e46b3, 57.22, 0, 450
2026/09/09 15:21:42.760, 0, GPU-35ec6990-2b13-fbe4-44c2-103ee00e46b3, 57.28, 0, 450
2026/09/09 15:21:42.860, 0, GPU-35ec6990-2b13-fbe4-44c2-103ee00e46b3, 57.28, 0, 450
2026/09/09 15:21:42.960, 0, GPU-35ec6990-2b13-fbe4-44c2-103ee00e46b3, 57.22, 0, 450
2026/09/09 15:21:43.060, 0, GPU-35ec6990-2b13-fbe4-44c2-103ee00e46b3, 57.22, 0, 450
2026/09/09 15:21:43.160, 0, GPU-35ec6990-2b13-fbe4-44c2-103ee00e46b3, 57.22, 0, 450
2026/09/09 15:21:43.261, 0, GPU-35ec6990-2b13-fbe4-44c2-103ee00e46b3, 57.56, 0, 450
2026/09/09 15:21:43.361, 0, GPU-35ec6990-2b13-fbe4-44c2-103ee00e46b3, 57.28, 0, 450
2026/09/09 15:21:43.461, 0, GPU-35ec6990-2b13-fbe4-44c2-103ee00e46b3, 57.22, 0, 450
2026/09/09 15:21:43.561, 0, GPU-35ec6990-2b13-fbe4-44c2-103ee00e46b3, 57.22, 0, 450
2026/09/09 15:21:43.661, 0, GPU-35ec6990-2b13-fbe4-44c2-103ee00e46b3, 57.50, 0, 450
2026/09/09 15:21:43.762, 0, GPU-35ec6990-2b13-fbe4-44c2-103ee00e46b3, 57.22, 0, 450
2026/09/09 15:21:43.862, 0, GPU-35ec6990-2b13-fbe4-44c2-103ee00e46b3, 56.95, 0, 450
2026/09/09 15:21:43.962, 0, GPU-35ec6990-2b13-fbe4-44c2-103ee00e46b3, 57.22, 0, 450
2026/09/09 15:21:44.062, 0, GPU-35ec6990-2b13-fbe4-44c2-103ee00e46b3, 57.22, 0, 450
2026/09/09 15:21:44.162, 0, GPU-35ec6990-2b13-fbe4-44c2-103ee00e46b3, 57.28, 0, 450
2026/09/09 15:21:44.263, 0, GPU-35ec6990-2b13-fbe4-44c2-103ee00e46b3, 57.22, 0, 450
2026/09/09 15:21:44.363, 0, GPU-35ec6990-2b13-fbe4-44c2-103ee00e46b3, 57.22, 0, 450
2026/09/09 15:21:44.463, 0, GPU-35ec6990-2b13-fbe4-44c2-103ee00e46b3, 57.28, 0, 450
2026/09/09 15:21:44.563, 0, GPU-35ec6990-2b13-fbe4-44c2-103ee00e46b3, 56.89, 0, 450
2026/09/09 15:21:44.663, 0, GPU-35ec6990-2b13-fbe4-44c2-103ee00e46b3, 56.89, 0, 450
2026/09/09 15:21:44.764, 0, GPU-35ec6990-2b13-fbe4-44c2-103ee00e46b3, 57.22, 0, 450
2026/09/09 15:21:44.864, 0, GPU-35ec6990-2b13-fbe4-44c2-103ee00e46b3, 57.22, 0, 450
2026/09/09 15:21:44.964, 0, GPU-35ec6990-2b13-fbe4-44c2-103ee00e46b3, 57.28, 0, 450
2026/09/09 15:21:45.064, 0, GPU-35ec6990-2b13-fbe4-44c2-103ee00e46b3, 57.34, 0, 450
2026/09/09 15:21:45.164, 0, GPU-35ec6990-2b13-fbe4-44c2-103ee00e46b3, 57.01, 0, 450
2026/09/09 15:21:45.264, 0, GPU-35ec6990-2b13-fbe4-44c2-103ee00e46b3, 57.01, 0, 450
2026/09/09 15:21:45.365, 0, GPU-35ec6990-2b13-fbe4-44c2-103ee00e46b3, 57.28, 0, 450
2026/09/09 15:21:45.465, 0, GPU-35ec6990-2b13-fbe4-44c2-103ee00e46b3, 57.28, 0, 450
2026/09/09 15:21:45.565, 0, GPU-35ec6990-2b13-fbe4-44c2-103ee00e46b3, 56.95, 0, 450
2026/09/09 15:21:45.665, 0, GPU-35ec6990-2b13-fbe4-44c2-103ee00e46b3, 57.28, 0, 450
2026/09/09 15:21:45.765, 0, GPU-35ec6990-2b13-fbe4-44c2-103ee00e46b3, 57.28, 0, 450
2026/09/09 15:21:45.866, 0, GPU-35ec6990-2b13-fbe4-44c2-103ee00e46b3, 57.28, 0, 450
2026/09/09 15:21:45.966, 0, GPU-35ec6990-2b13-fbe4-44c2-103ee00e46b3, 57.28, 0, 450
2026/09/09 15:21:46.066, 0, GPU-35ec6990-2b13-fbe4-44c2-103ee00e46b3, 57.28, 0, 450
2026/09/09 15:21:46.166, 0, GPU-35ec6990-2b13-fbe4-44c2-103ee00e46b3, 57.34, 0, 450
2026/09/09 15:21:46.266, 0, GPU-35ec6990-2b13-fbe4-44c2-103ee00e46b3, 57.62, 0, 450
2026/09/09 15:21:46.367, 0, GPU-35ec6990-2b13-fbe4-44c2-103ee00e46b3, 57.56, 0, 450
2026/09/09 15:21:46.467, 0, GPU-35ec6990-2b13-fbe4-44c2-103ee00e46b3, 57.28, 0, 450
2026/09/09 15:21:46.567, 0, GPU-35ec6990-2b13-fbe4-44c2-103ee00e46b3, 57.28, 0, 450
2026/09/09 15:21:46.667, 0, GPU-35ec6990-2b13-fbe4-44c2-103ee00e46b3, 57.28, 0, 450
2026/09/09 15:21:46.767, 0, GPU-35ec6990-2b13-fbe4-44c2-103ee00e46b3, 57.22, 0, 450
2026/09/09 15:21:46.868, 0, GPU-35ec6990-2b13-fbe4-44c2-103ee00e46b3, 57.28, 0, 450
2026/09/09 15:21:46.968, 0, GPU-35ec6990-2b13-fbe4-44c2-103ee00e46b3, 57.28, 0, 450
2026/09/09 15:21:47.068, 0, GPU-35ec6990-2b13-fbe4-44c2-103ee00e46b3, 57.28, 0, 450
2026/09/09 15:21:47.168, 0, GPU-35ec6990-2b13-fbe4-44c2-103ee00e46b3, 56.95, 0, 450
2026/09/09 15:21:47.268, 0, GPU-35ec6990-2b13-fbe4-44c2-103ee00e46b3, 57.28, 0, 450
2026/09/09 15:21:47.369, 0, GPU-35ec6990-2b13-fbe4-44c2-103ee00e46b3, 56.95, 0, 450
2026/09/09 15:21:47.469, 0, GPU-35ec6990-2b13-fbe4-44c2-103ee00e46b3, 57.34, 0, 450
2026/09/09 15:21:47.569, 0, GPU-35ec6990-2b13-fbe4-44c2-103ee00e46b3, 57.34, 0, 450
2026/09/09 15:21:47.669, 0, GPU-35ec6990-2b13-fbe4-44c2-103ee00e46b3, 57.34, 0, 450
2026/09/09 15:21:47.769, 0, GPU-35ec6990-2b13-fbe4-44c2-103ee00e46b3, 57.34, 0, 450
2026/09/09 15:21:47.869, 0, GPU-35ec6990-2b13-fbe4-44c2-103ee00e46b3, 57.28, 0, 450
2026/09/09 15:21:47.970, 0, GPU-35ec6990-2b13-fbe4-44c2-103ee00e46b3, 57.28, 0, 450
2026/09/09 15:21:48.070, 0, GPU-35ec6990-2b13-fbe4-44c2-103ee00e46b3, 57.28, 0, 450
2026/09/09 15:21:48.170, 0, GPU-35ec6990-2b13-fbe4-44c2-103ee00e46b3, 57.28, 0, 450
2026/09/09 15:21:48.270, 0, GPU-35ec6990-2b13-fbe4-44c2-103ee00e46b3, 57.28, 0, 450
2026/09/09 15:21:48.370, 0, GPU-35ec6990-2b13-fbe4-44c2-103ee00e46b3, 57.56, 0, 450
2026/09/09 15:21:48.471, 0, GPU-35ec6990-2b13-fbe4-44c2-103ee00e46b3, 57.28, 0, 450
2026/09/09 15:21:48.571, 0, GPU-35ec6990-2b13-fbe4-44c2-103ee00e46b3, 57.28, 0, 450
2026/09/09 15:21:48.671, 0, GPU-35ec6990-2b13-fbe4-44c2-103ee00e46b3, 57.34, 0, 450
2026/09/09 15:21:48.771, 0, GPU-35ec6990-2b13-fbe4-44c2-103ee00e46b3, 57.34, 0, 450
2026/09/09 15:21:48.871, 0, GPU-35ec6990-2b13-fbe4-44c2-103ee00e46b3, 57.28, 0, 450
2026/09/09 15:21:48.972, 0, GPU-35ec6990-2b13-fbe4-44c2-103ee00e46b3, 57.28, 0, 450
2026/09/09 15:21:49.072, 0, GPU-35ec6990-2b13-fbe4-44c2-103ee00e46b3, 57.56, 0, 450
2026/09/09 15:21:49.172, 0, GPU-35ec6990-2b13-fbe4-44c2-103ee00e46b3, 57.56, 0, 450
2026/09/09 15:21:49.272, 0, GPU-35ec6990-2b13-fbe4-44c2-103ee00e46b3, 57.34, 0, 450
2026/09/09 15:21:49.372, 0, GPU-35ec6990-2b13-fbe4-44c2-103ee00e46b3, 57.28, 0, 450
2026/09/09 15:21:49.472, 0, GPU-35ec6990-2b13-fbe4-44c2-103ee00e46b3, 57.28, 0, 450
2026/09/09 15:21:49.573, 0, GPU-35ec6990-2b13-fbe4-44c2-103ee00e46b3, 57.28, 0, 450
2026/09/09 15:21:49.673, 0, GPU-35ec6990-2b13-fbe4-44c2-103ee00e46b3, 57.56, 0, 450
2026/09/09 15:21:49.773, 0, GPU-35ec6990-2b13-fbe4-44c2-103ee00e46b3, 57.28, 0, 450
2026/09/09 15:21:49.873, 0, GPU-35ec6990-2b13-fbe4-44c2-103ee00e46b3, 57.28, 0, 450
2026/09/09 15:21:49.973, 0, GPU-35ec6990-2b13-fbe4-44c2-103ee00e46b3, 57.28, 0, 450
2026/09/09 15:21:50.074, 0, GPU-35ec6990-2b13-fbe4-44c2-103ee00e46b3, 57.34, 0, 450
2026/09/09 15:21:50.174, 0, GPU-35ec6990-2b13-fbe4-44c2-103ee00e46b3, 57.28, 0, 450
2026/09/09 15:21:50.274, 0, GPU-35ec6990-2b13-fbe4-44c2-103ee00e46b3, 57.28, 0, 450
2026/09/09 15:21:50.374, 0, GPU-35ec6990-2b13-fbe4-44c2-103ee00e46b3, 57.22, 0, 450
2026/09/09 15:21:50.474, 0, GPU-35ec6990-2b13-fbe4-44c2-103ee00e46b3, 57.28, 0, 450
2026/09/09 15:21:50.574, 0, GPU-35ec6990-2b13-fbe4-44c2-103ee00e46b3, 57.28, 0, 450
2026/09/09 15:21:50.675, 0, GPU-35ec6990-2b13-fbe4-44c2-103ee00e46b3, 57.56, 0, 450
2026/09/09 15:21:50.775, 0, GPU-35ec6990-2b13-fbe4-44c2-103ee00e46b3, 57.22, 0, 450
2026/09/09 15:21:50.875, 0, GPU-35ec6990-2b13-fbe4-44c2-103ee00e46b3, 57.28, 0, 450
2026/09/09 15:21:50.975, 0, GPU-35ec6990-2b13-fbe4-44c2-103ee00e46b3, 57.56, 0, 450
2026/09/09 15:21:51.075, 0, GPU-35ec6990-2b13-fbe4-44c2-103ee00e46b3, 56.95, 0, 450
2026/09/09 15:21:51.176, 0, GPU-35ec6990-2b13-fbe4-44c2-103ee00e46b3, 57.34, 0, 450
2026/09/09 15:21:51.276, 0, GPU-35ec6990-2b13-fbe4-44c2-103ee00e46b3, 57.62, 0, 450
2026/09/09 15:21:51.376, 0, GPU-35ec6990-2b13-fbe4-44c2-103ee00e46b3, 57.22, 0, 450
2026/09/09 15:21:51.476, 0, GPU-35ec6990-2b13-fbe4-44c2-103ee00e46b3, 57.28, 0, 450
2026/09/09 15:21:51.576, 0, GPU-35ec6990-2b13-fbe4-44c2-103ee00e46b3, 57.28, 0, 450
2026/09/09 15:21:51.677, 0, GPU-35ec6990-2b13-fbe4-44c2-103ee00e46b3, 57.62, 0, 450
2026/09/09 15:21:51.777, 0, GPU-35ec6990-2b13-fbe4-44c2-103ee00e46b3, 57.28, 0, 450
2026/09/09 15:21:51.877, 0, GPU-35ec6990-2b13-fbe4-44c2-103ee00e46b3, 56.95, 0, 450
2026/09/09 15:21:51.977, 0, GPU-35ec6990-2b13-fbe4-44c2-103ee00e46b3, 57.34, 0, 450
2026/09/09 15:21:52.077, 0, GPU-35ec6990-2b13-fbe4-44c2-103ee00e46b3, 57.34, 0, 450
2026/09/09 15:21:52.177, 0, GPU-35ec6990-2b13-fbe4-44c2-103ee00e46b3, 57.34, 0, 450
2026/09/09 15:21:52.278, 0, GPU-35ec6990-2b13-fbe4-44c2-103ee00e46b3, 57.34, 0, 450
2026/09/09 15:21:52.378, 0, GPU-35ec6990-2b13-fbe4-44c2-103ee00e46b3, 56.95, 0, 450
2026/09/09 15:21:52.478, 0, GPU-35ec6990-2b13-fbe4-44c2-103ee00e46b3, 57.28, 0, 450
2026/09/09 15:21:52.578, 0, GPU-35ec6990-2b13-fbe4-44c2-103ee00e46b3, 56.95, 0, 450
2026/09/09 15:21:52.678, 0, GPU-35ec6990-2b13-fbe4-44c2-103ee00e46b3, 56.95, 0, 450
2026/09/09 15:21:52.779, 0, GPU-35ec6990-2b13-fbe4-44c2-103ee00e46b3, 57.28, 0, 450
2026/09/09 15:21:52.879, 0, GPU-35ec6990-2b13-fbe4-44c2-103ee00e46b3, 57.28, 0, 450
2026/09/09 15:21:52.979, 0, GPU-35ec6990-2b13-fbe4-44c2-103ee00e46b3, 57.01, 0, 450
2026/09/09 15:21:53.079, 0, GPU-35ec6990-2b13-fbe4-44c2-103ee00e46b3, 57.28, 0, 450
2026/09/09 15:21:53.179, 0, GPU-35ec6990-2b13-fbe4-44c2-103ee00e46b3, 56.95, 0, 450
2026/09/09 15:21:53.280, 0, GPU-35ec6990-2b13-fbe4-44c2-103ee00e46b3, 57.28, 0, 450
2026/09/09 15:21:53.380, 0, GPU-35ec6990-2b13-fbe4-44c2-103ee00e46b3, 57.28, 0, 450
2026/09/09 15:21:53.480, 0, GPU-35ec6990-2b13-fbe4-44c2-103ee00e46b3, 57.28, 0, 450
2026/09/09 15:21:53.580, 0, GPU-35ec6990-2b13-fbe4-44c2-103ee00e46b3, 57.01, 0, 450
2026/09/09 15:21:53.680, 0, GPU-35ec6990-2b13-fbe4-44c2-103ee00e46b3, 57.28, 0, 450
2026/09/09 15:21:53.780, 0, GPU-35ec6990-2b13-fbe4-44c2-103ee00e46b3, 57.34, 0, 450
2026/09/09 15:21:53.881, 0, GPU-35ec6990-2b13-fbe4-44c2-103ee00e46b3, 57.28, 0, 450
2026/09/09 15:21:53.981, 0, GPU-35ec6990-2b13-fbe4-44c2-103ee00e46b3, 57.28, 0, 450
2026/09/09 15:21:54.081, 0, GPU-35ec6990-2b13-fbe4-44c2-103ee00e46b3, 56.95, 0, 450
2026/09/09 15:21:54.181, 0, GPU-35ec6990-2b13-fbe4-44c2-103ee00e46b3, 57.34, 0, 450
2026/09/09 15:21:54.281, 0, GPU-35ec6990-2b13-fbe4-44c2-103ee00e46b3, 57.46, 0, 450
2026/09/09 15:21:54.382, 0, GPU-35ec6990-2b13-fbe4-44c2-103ee00e46b3, 57.12, 0, 450
2026/09/09 15:21:54.482, 0, GPU-35ec6990-2b13-fbe4-44c2-103ee00e46b3, 57.06, 0, 450
2026/09/09 15:21:54.582, 0, GPU-35ec6990-2b13-fbe4-44c2-103ee00e46b3, 57.12, 0, 450
2026/09/09 15:21:54.682, 0, GPU-35ec6990-2b13-fbe4-44c2-103ee00e46b3, 57.40, 0, 450
2026/09/09 15:21:54.782, 0, GPU-35ec6990-2b13-fbe4-44c2-103ee00e46b3, 57.40, 0, 450
2026/09/09 15:21:54.883, 0, GPU-35ec6990-2b13-fbe4-44c2-103ee00e46b3, 57.06, 0, 450
2026/09/09 15:21:54.983, 0, GPU-35ec6990-2b13-fbe4-44c2-103ee00e46b3, 57.40, 0, 450
2026/09/09 15:21:55.083, 0, GPU-35ec6990-2b13-fbe4-44c2-103ee00e46b3, 57.67, 0, 450
2026/09/09 15:21:55.183, 0, GPU-35ec6990-2b13-fbe4-44c2-103ee00e46b3, 57.06, 0, 450
2026/09/09 15:21:55.283, 0, GPU-35ec6990-2b13-fbe4-44c2-103ee00e46b3, 57.40, 0, 450
2026/09/09 15:21:55.383, 0, GPU-35ec6990-2b13-fbe4-44c2-103ee00e46b3, 57.46, 0, 450
2026/09/09 15:21:55.484, 0, GPU-35ec6990-2b13-fbe4-44c2-103ee00e46b3, 57.46, 0, 450
2026/09/09 15:21:55.584, 0, GPU-35ec6990-2b13-fbe4-44c2-103ee00e46b3, 57.12, 0, 450
2026/09/09 15:21:55.684, 0, GPU-35ec6990-2b13-fbe4-44c2-103ee00e46b3, 57.46, 0, 450
2026/09/09 15:21:55.784, 0, GPU-35ec6990-2b13-fbe4-44c2-103ee00e46b3, 57.46, 0, 450
2026/09/09 15:21:55.884, 0, GPU-35ec6990-2b13-fbe4-44c2-103ee00e46b3, 57.46, 0, 450
2026/09/09 15:21:55.985, 0, GPU-35ec6990-2b13-fbe4-44c2-103ee00e46b3, 57.46, 0, 450
2026/09/09 15:21:56.085, 0, GPU-35ec6990-2b13-fbe4-44c2-103ee00e46b3, 57.40, 0, 450
